Date,Tweet ID,Leader Name,Followers,Text,Hashtags
2022-11-27,1596854176944119809,Giorgia Meloni,1762394,Con il Cdm di questa mattina il Governo ha dato risposta immediata per Ischia dichiarando lo stato di emergenza e disponendo un primo stanziamento di 2 mln di euro. Alla popolazione rinnovo vicinanza ed esprimo gratitudine nei confronti di coloro che sono impegnati nei soccorsi. https://t.co/tzt4N1vuNK,[]
2022-11-26,1596629334273323008,Giorgia Meloni,1762394,"Con la scomparsa di Renato Balestra la nostra Nazione perde un‚Äôeccellenza di stile, decano dell‚Äôalta moda e simbolo del genio italiano nel mondo. Sincere e sentite condoglianze alla sua famiglia e a tutti i suoi cari. https://t.co/zTf0RSctvF",[]
2022-11-26,1596556546305150976,Giorgia Meloni,1762394,"Oggi alla Protezione civile per aggiornamenti e rimanere in contatto con le sedi operative che stanno prestando soccorso a Ischia.
Rinnovo nostra gratitudine per le istituzioni che si sono immediatamente mobilitate e per gli eroici soccorritori che stanno aiutando le popolazioni. https://t.co/Pda4bsm9Qt",[]
2022-11-26,1596463674797207553,Giorgia Meloni,1762355,"Sono in contatto con il Ministro Musumeci, il @DPCgov e la Regione Campania per seguire l'evoluzione dell'ondata di maltempo che ha colpito Ischia. Il Governo esprime vicinanza ai cittadini, ai Sindaci dell'isola e ringrazia i soccorritori impegnati nella ricerca dei dispersi.",[]
2022-11-25,1596062743848706048,Giorgia Meloni,1762355,"I dati che riguardano le violenze sulle donne continuano a rappresentare un dramma nazionale. Come Governo intendiamo incentrare il nostro impegno su tre pilastri d‚Äôazione: prevenzione, protezione e certezza della pena.

üëâ https://t.co/Y301nqpwOv
#25novembre https://t.co/360kNuVnlJ",['25novembre']
2022-11-24,1595810743735451648,Giorgia Meloni,1762355,I risultati della Commissione Femminicidio. Il mio intervento al Senato. https://t.co/Hvo0p1Zx1e,[]
2022-11-24,1595740805356191746,Giorgia Meloni,1762355,"Il mio intervento all‚Äôassemblea nazionale dell‚ÄôANCI.
#anci2022 @comuni_anci https://t.co/nb3V5PPEbE",['anci2022']
2022-11-23,1595485399417339924,Giorgia Meloni,1762355,"- Sostegno alle imprese: rafforzato credito d‚Äôimposta per il caro energia.
- Aumento platea famiglie per le quali lo Stato interviene per calmierare bollette.
- Iva al 5% sul gas.
- Nuova norma su extraprofitti energetici.

Con la #manovra2023 subito risposte a famiglie¬†e¬†imprese https://t.co/0xr7kSrjcV",['manovra2023']
2022-11-23,1595473507500150785,Giorgia Meloni,1762355,Very cordial meeting with @lauder_ronald - President of the @WorldJewishCong. It was an important opportunity to ensure the strong commitment of the Italian Government in the fight against antisemitism. Italian Jewish heritage is a crucial part of our national identity. https://t.co/J9zAE9ADUb,[]
2022-11-23,1595321954764038144,Giorgia Meloni,1762355,"Favorire la crescita, aiutare i pi√π fragili, investire nelle famiglie, accrescere la giustizia sociale, sostenere il nostro tessuto produttivo, scommettere sul futuro: questa la nostra ricetta per ridare forza e visione all'Italia. 

Avanti a testa alta. #Manovra2023",['Manovra2023']
2022-11-23,1595321952192823296,Giorgia Meloni,1762355,"Orgogliosa del lavoro di questo Governo e di una manovra scritta in tempi record. Una #leggedibilancio coraggiosa e concreta, che bada al sodo e offre una visione sulle priorit√† economiche. https://t.co/e6J0DwgbgY",['leggedibilancio']
2022-11-22,1595164556312969216,Giorgia Meloni,1762355,"Il Governo mantiene gli impegni presi con gli italiani.
Ecco il riassunto dei punti al centro della #manovra2023 https://t.co/HYchyx8gAI",['manovra2023']
2022-11-22,1595026311122411521,Giorgia Meloni,1762355,Ora in diretta dall‚Äô#Assemblea2022 di @confartigianato. Collegatevi. https://t.co/h2lDRkl7kg,['Assemblea2022']
2022-11-22,1594983113771208705,Giorgia Meloni,1762355,"Conferenza stampa sulla legge di bilancio. Seguiteci in diretta.
#leggedibilancio¬†#manovra2023 https://t.co/NbTe9feS2U","['leggedibilancio', 'manovra2023']"
2022-11-22,1594978132381270016,Giorgia Meloni,1762355,"Sono profondamente colpita dalla notizia della scomparsa di Roberto Maroni. Un amico, un politico intelligente e capace che ha servito le Istituzioni con buonsenso e concretezza. Il Governo esprime cordoglio e vicinanza alla famiglia e ai suoi cari in questo momento difficile. https://t.co/2BzuTUMVm2",[]
2022-11-21,1594841098618560512,Giorgia Meloni,1762355,"Questa sera in Cdm importanti provvedimenti che presenteremo in #leggedibilancio.

Domattina in conferenza stampa illustrer√≤ nello specifico un‚Äôimportante e coraggiosa manovra economica a sostegno dei cittadini, con particolare attenzione a redditi bassi e categorie in difficolt√† https://t.co/AHZmUTj2eY",['leggedibilancio']
2022-11-21,1594740687110606849,Giorgia Meloni,1762355,"¬´Questa sentenza ci d√† solo un po‚Äô di pace ma nessuno ci restituisce mia figlia, il dolore per la morte lo sento ogni giorno¬ª.
Comprendo le parole di Barbara, madre di Desir√©e, che abbraccio. Ora almeno giustizia √® fatta. Faremo tutto il possibile per rendere l'Italia¬†pi√π¬†sicura. https://t.co/V3x9Zwgolj",[]
2022-11-21,1594647026708676609,Giorgia Meloni,1762355,"Nel giorno della celebrazione della patrona dell‚ÄôArma dei Carabinieri, il nostro pensiero √® rivolto ai nostri uomini e donne in divisa che quotidianamente servono la Patria con dedizione, coraggio, spirito di sacrificio. L‚ÄôItalia e gli italiani vi sono grati. Nei secoli fedele üáÆüáπ https://t.co/N8sRyQ0IJe",[]
2022-11-19,1593911424526475266,Giorgia Meloni,1762355,"Siamo al lavoro su una legge finanziaria attenta a famiglie e imprese, con particolare attenzione ai redditi bassi. Un provvedimento per fronteggiare il caro bollette e sostenere milioni di cittadini in questo periodo difficile e delicato: queste sono le nostre priorit√†. https://t.co/aMgLUSvB7r",[]
2022-11-17,1593347141711298563,Giorgia Meloni,1762355,"Per questo gi√† dalla prossima legge di bilancio cominceremo a liberare le energie del sistema produttivo sostenendo imprese e lavoratori. Vogliamo un'Italia forte, produttiva e artefice del proprio destino.",[]
2022-11-17,1593347139429666816,Giorgia Meloni,1762355,L'ultimo successo dei Btp Italia che ha visto la massiccia partecipazione da parte dei piccoli risparmiatori √® un gran segnale di fiducia verso le politiche del Governo. Il fatto che le famiglie tornino a credere nell'Italia e nel suo futuro ci riempie d'orgoglio e responsabilit√† https://t.co/FH0YjjOAAL,[]
2022-11-17,1593302608365735936,Giorgia Meloni,1762355,"Oggi √® la giornata mondiale della prematurit√†. ""L'abbraccio di un genitore: una terapia potente"" √® il tema scelto per celebrarla. Non esiste immagine pi√π bella e forte di un genitore che stringe con amore tra le braccia una nuova vita, fragile e preziosa. #WorldPrematurityDay2022",['WorldPrematurityDay2022']
2022-11-17,1593241532378730498,Giorgia Meloni,1762355,@AlboMP Fruitful exchange with @AlboMP at #G20BaliSummit. Italy and Australia are linked by a long-standing friendship and by a deep relationship of trade and cooperation that we intend to¬†strengthen and enhance.,['G20BaliSummit']
2022-11-17,1593210336034705409,Giorgia Meloni,1762355,"@JustinTrudeau @melaniejoly A fruitful exchange with @JustinTrudeau to strenghten bilateral relations, confirm the commitment to economic recovery, discuss the latest events in Poland, reiterate support for Ukraine and cooperation within NATO,¬†G7¬†and¬†G20.",[]
2022-11-17,1593192599120412673,Giorgia Meloni,1762355,"@narendramodi This meeting with @narendramodi confirms our common will to exploit the still unexpressed growth potential of our bilateral relations. Italy will ensure its cooperation in the forthcoming Indian presidency of the G20, also in light of the common challenges¬†ahead.",[]
2022-11-16,1592885637774200834,Giorgia Meloni,1762355,"Tanti incontri bilaterali che hanno mostrato un Governo solido, stabile, che d√† una proiezione di lungo periodo e rende pi√π facile immaginare l'Italia fondamentale per le relazioni internazionali. 
Avanti cos√¨, per affrontare a testa alta le grandi sfide globali che¬†ci¬†attendono.",[]
2022-11-16,1592885635278589953,Giorgia Meloni,1762355,"L'Italia √® stata protagonista del G20, intorno a noi molta attenzione e curiosit√†, sicuramente anche per il fatto che fossimo l'unica Nazione con un Capo di Governo donna. Sul tema della parit√† eravamo un fanalino di coda. Ora siamo all'avanguardia e questo mi rende fiera.",[]
2022-11-16,1592885631725998082,Giorgia Meloni,1762355,"Il G20 di Bali si √® svolto in una situazione complessa, eppure √® stato un successo, con l'Italia in prima linea su tutti i tavoli.
Importante il risultato sul negoziato sul grano: un punto che l'Italia ha sottolineato e che ha raccolto il sostegno di tutti i leader. #G20Indonesia https://t.co/t8yipPfyCL",['G20Indonesia']
2022-11-16,1592682395610001408,Giorgia Meloni,1762355,Ho sentito @MorawieckiM per esprimere solidariet√† al Governo e al popolo polacco. Mi sto riunendo adesso con gli Alleati NATO ai margini del G20 per verificare i fatti e valutare i prossimi passi. √à una conferma della gravit√† e delle conseguenze dell‚Äôaggressione russa all‚ÄôUcraina,[]
2022-11-15,1592521775044497408,Giorgia Meloni,1762355,"Oggi e domani a Bali per partecipare al @g20org e a importanti incontri bilaterali. Di fronte alle sfide del nostro tempo occorre dialogare e lavorare insieme per trovare soluzioni alle¬†crisi¬†globali.
#G20Indonesia #G20BaliSummit https://t.co/hTELE2HLIa","['G20Indonesia', 'G20BaliSummit']"
2022-11-14,1592110094799765508,Giorgia Meloni,1762355,"Marted√¨ 15 e mercoled√¨ 16 novembre sar√≤ a Bali per il G20 Indonesia. Sarete aggiornati sui lavori del vertice tramite i miei canali social.
#G20Indonesia #G20BaliSummit https://t.co/w7H2EtGnqc","['G20Indonesia', 'G20BaliSummit']"
2022-11-13,1591844459784056832,Giorgia Meloni,1762355,"The images coming from Istanbul are terrible, I want to express our deepest condolences to T√ºrkiye for the attack suffered and the death of innocent lives.",[]
2022-11-13,1591844231076773888,Giorgia Meloni,1762355,"Sono terribili le immagini di Istanbul, voglio esprimere le nostre pi√π sentite condoglianze alla Turchia per l‚Äôattentato subito e la morte di cittadini innocenti.",[]
2022-11-13,1591777133491363841,Giorgia Meloni,1762355,"A 7 anni dagli attentati di Parigi, non dimentichiamo l'italiana Valeria Solesin - uccisa al Bataclan - e tutte le vittime di quel terribile 13 novembre. Il Governo terr√† sempre alta la guardia contro il terrorismo per garantire sicurezza e libert√† in Italia e nel resto d‚ÄôEuropa. https://t.co/KNpXebSVB1",[]
2022-11-12,1591392071369297920,Giorgia Meloni,1762356,"Il #12novembre 2003 √® una data che rimarr√†, insieme ad altre, scolpita per sempre nel cuore e nella mente degli italiani. https://t.co/J0OVyPQ5U6",['12novembre']
2022-11-11,1591129907035242524,Giorgia Meloni,1762356,"@JustinTrudeau Thanks @JustinTrudeau. The Italian and Canadian people have deep ties, based on common values and interests that we want to enhance. Let‚Äôs keep on working closely also on global challenges, support for Ukraine, international peace and security.",[]
2022-11-11,1591077180003717120,Giorgia Meloni,1762356,"Insieme ad altre misure contenute nel decreto, il Governo rispetta l'impegno di concentrare le risorse per l'emergenza energetica ed aiutare gli italiani in difficolt√†. Con fermezza, rapidit√† ed efficacia, le parole diventano fatti.",[]
2022-11-11,1591077176501215232,Giorgia Meloni,1762356,"Col #DecretoEnergia, approvato ieri in Consiglio dei Ministri, diamo una prima immediata risposta a famiglie e imprese per fronteggiare l'aumento del costo delle bollette: 9,1 miliardi di euro per il 2022 che andranno a beneficio di tutto il tessuto economico e sociale italiano. https://t.co/dj2LtTlIcc",['DecretoEnergia']
2022-11-11,1590997496712802304,Giorgia Meloni,1762356,Conferenza stampa: seguiteci in diretta. https://t.co/btDrw0HiNH,[]
2022-11-10,1590816823389618177,Giorgia Meloni,1762356,"√à un risultato importante, frutto dello spirito di collaborazione avviato dal Governo con le parti sociali e che ci auguriamo possa raggiungere in futuro ulteriori importanti obiettivi.",[]
2022-11-10,1590816821061771265,Giorgia Meloni,1762356,"L'accordo comporta un impegno finanziario importante, che corrisponde alla volont√† del Governo di effettuare un forte investimento nella formazione e nell'istruzione dei giovani, essenziale per una Nazione avanzata che voglia competere tra le moderne economie della conoscenza.",[]
2022-11-10,1590816818465497088,Giorgia Meloni,1762356,"Registriamo con piena soddisfazione la firma dell'accordo per il rinnovo del contratto della scuola tra i sindacati e il Ministero dell'Istruzione. Si sblocca cos√¨ una vicenda di grande interesse pubblico, che coinvolge circa 1,2 milioni di persone, delle quali 850.000 docenti. https://t.co/JU4bWBZto6",[]
2022-11-10,1590772968007036930,Giorgia Meloni,1762356,"@jensstoltenberg Very fruitful meeting with @jensstoltenberg which underlines Italy's commitment to NATO and the common challenges the Alliance is facing. Italy stands with Allies for peace in Europe, support to Ukraine and in defence of our¬†common¬†values.",[]
2022-11-10,1590677666528886784,Giorgia Meloni,1762356,"Dopo un intenso lavoro diplomatico, oggi la nostra connazionale Alessia Piperno √® stata rilasciata dalle autorit√† iraniane e si appresta a tornare in Italia. Voglio ringraziare tutti coloro che hanno contribuito a riportare Alessia dai suoi familiari. https://t.co/2YTxNJh4Qe",[]
2022-11-09,1590425257579786240,Giorgia Meloni,1762356,In 2 settimane abbiamo liberato 30 miliardi per calmierare e coprire costo bollette. Abbiamo messo in sicurezza tessuto produttivo e gi√† domani il decreto che stanzia i primi 9 miliardi sar√† in CdM. Fermare la speculazione √® fondamentale: stiamo conducendo anche questa battaglia. https://t.co/3uBouhwFB4,[]
2022-11-09,1590295912798072835,Giorgia Meloni,1762356,"L‚Äôabbattimento del #MurodiBerlino segna il tramonto del comunismo sovietico e, con esso, dei regimi totalitari che avevano dominato il Novecento.

A 33 anni da quel #9novembre non dimentichiamo il valore della democrazia e della libert√†, valori fondanti della nostra¬†identit√†. https://t.co/48ycWUgZr3","['MurodiBerlino', '9novembre']"
2022-11-08,1590059910225879040,Giorgia Meloni,1762356,I cittadini ci hanno chiesto di difendere i confini italiani e questo Governo non tradir√† la parola data. https://t.co/tgu3htysk3,[]
2022-11-08,1589979609927667713,Giorgia Meloni,1762356,"Abbiamo il dovere di proteggere l‚Äôambiente e l'Italia far√† la sua parte.

Rivedi il mio intervento alla #COP27 https://t.co/FwvjwJ5IlC",['COP27']
2022-11-08,1589932552487591939,Giorgia Meloni,1762356,"L‚ÄôItalia piange la scomparsa di Giuseppe Bono, storica guida di Fincantieri e figura di riferimento dell‚Äôindustria italiana. Una dolorosa perdita per tutta la Nazione. Rivolgo ai suoi familiari le pi√π sincere condoglianze da parte mia e del Governo italiano.",[]
2022-11-07,1589747561727860736,Giorgia Meloni,1762356,"@P_Fiala Pleased to meet again my friend @P_Fiala @EU2022_CZ, here at #COP27. Our cooperation is key to face the difficult challenges of our time, standing for our common values ‚Äã‚Äãand protecting our citizens from the energy crisis.",['COP27']
2022-11-07,1589736133260627968,Giorgia Meloni,1762356,"Incontro a margine di #COP27 con @antonioguterres, Segretario Generale @UN. Al centro del colloquio la collaborazione sulle principali sfide globali, le ripercussioni della guerra di aggressione russa all‚ÄôUcraina e il pieno sostegno italiano alla mediazione dell‚ÄôONU in Libia. https://t.co/lwUIiNuGf4",['COP27']
2022-11-07,1589727777494007808,Giorgia Meloni,1762356,@RHCJO The friendship between Italy and Jordan has long standing roots that we cherish and wish  to  strengthen. I was honored to meet His Majesty King Abdullah II and His Royal Highness the Crown Prince Al Hussein  in the sidelines of #COP27,['COP27']
2022-11-07,1589705386768347137,Giorgia Meloni,1762356,"@10DowningStreet @RishiSunak @vonderleyen @MohamedBinZayed @COP27P Wonderful to meet @RishiSunak, a great opportunity to renew our friendship to strengthen the transatlantic bond and express our willingness to face together the  important challenges ahead of us",[]
2022-11-07,1589687849653108736,Giorgia Meloni,1762356,Oggi a Sharm El-Sheikh per il Vertice dei Capi di Stato e di Governo #COP27 https://t.co/Fh2SEsiMbe,['COP27']
2022-11-06,1589274649753714689,Giorgia Meloni,1762356,"Un giorno storico per il nostro sport. Francesco ‚ÄúPecco‚Äù #Bagnaia e la #Ducati sono campioni del mondo della #MotoGP: un pilota italiano su una moto italiana!
Orgoglio tricolore üáÆüáπ https://t.co/8cxQxmcd7Z","['Bagnaia', 'Ducati', 'MotoGP']"
2022-11-06,1589194296078618625,Giorgia Meloni,1762356,Rave illegali: √® finita l'Italia nella quale alcuni rispettano le regole e altri no. https://t.co/XwV2YeRo0i,[]
2022-11-05,1588864141577814023,Giorgia Meloni,1762356,"Avevamo promesso agli italiani che, una volta al Governo, ci saremmo dedicati con seriet√† e determinazione all'emergenza energetica ed √® esattamente quello che stiamo facendo, dimostrando che anche in Italia se si vuole √® possibile fare quello che serve per il bene dei cittadini. https://t.co/KRkqa75QFL",[]
2022-11-05,1588860160428376066,Giorgia Meloni,1762356,"@alexanderdecroo A cordial and fruitful exchange. Defending our common values of freedom and democracy and protecting our citizens is a challenge that we want and can face together. 
Let‚Äôs go on in this direction!",[]
2022-11-04,1588488366123020288,Giorgia Meloni,1762356,"Nella Giornata dell'Unit√† Nazionale e delle Forze Armate, ricordiamo chi ha combattuto e si √® sacrificato per la nostra Patria. A loro, e a chi ogni giorno onora e difende il Tricolore, va la nostra pi√π profonda riconoscenza e gratitudine. Viva l'Italia üáÆüáπ
#4Novembre https://t.co/TYxct7Vsjq",['4Novembre']
2022-11-03,1588276770377039872,Giorgia Meloni,1762356,Soddisfatta di questa giornata di incontri istituzionali. Ho portato la voce e il punto di vista italiano. C'√® la necessit√† di dare il prima possibile concretezza alla soluzione sulla crisi dell'energia e sul tetto al prezzo del gas: una sfida comune che non pu√≤ attendere oltre.,[]
2022-11-03,1588276767445245953,Giorgia Meloni,1762356,"Ho voluto organizzare questa prima visita a Bruxelles per dare il segnale di un'Italia che vuole partecipare, collaborare e difendere il proprio interesse nazionale all'interno della dimensione europea, portando le soluzioni migliori insieme alle altre Nazioni sulle grandi sfide. https://t.co/XvRfagWDGi",[]
2022-11-03,1588244252395347969,Giorgia Meloni,1762356,"Bruxelles, dichiarazioni alla stampa dopo gli incontri con i vertici delle istituzioni europee. https://t.co/41hH4R25NT",[]
2022-11-03,1588239403717050368,Giorgia Meloni,1762356,"Congratulations-Mazel Tov to @netanyahu for the electoral success. Ready to strengthen our friendship and our bilateral relations, to better face our common challenges.",[]
2022-11-03,1588086078069739527,Giorgia Meloni,1762356,"Oggi a Bruxelles per incontrare vertici istituzioni europee. La voce dell'Italia in Europa sar√† forte: siamo pronti ad affrontare le grandi questioni, a partire dalla crisi energetica, collaborando per una soluzione a sostegno di famiglie e imprese e per frenare la speculazione. https://t.co/FZngSeeOEX",[]
2022-11-03,1588080312361406465,Giorgia Meloni,1762356,"@sanchezcastejon Grazie @sanchezcastejon per le congratulazioni. Italia e Spagna continueranno a cooperare sui principali temi al centro dell‚Äôagenda europea e internazionale, tra i quali la questione energetica, la collaborazione in ambito NATO, il sostegno all‚Äôeconomia reale, l‚Äôimmigrazione.",[]
2022-11-02,1587804072446492673,Giorgia Meloni,1762356,"Oggi il giuramento dei Sottosegretari. Il compito che √® stato loro affidato sar√† difficile e pieno di ostacoli, ma sono certa che saranno pronti a svolgerlo con seriet√†, impegno e dedizione. Per il futuro dell‚ÄôItalia e degli italiani. https://t.co/6ImPAAUDtW",[]
2022-11-02,1587778318639648768,Giorgia Meloni,1762356,Buon lavoro a tutti i Sottosegretari del Governo https://t.co/9UT8W61hzT,[]
2022-11-01,1587412851815288832,Giorgia Meloni,1762356,Buona festa di #Ognissanti a ciascuno di voi https://t.co/dXK7Lz1BDh,['Ognissanti']
2022-10-31,1587155461954064384,Giorgia Meloni,1762356,"Piena soddisfazione per le misure approvate oggi in Cdm. Fiera che il primo provvedimento contenga una norma sulla lotta alla criminalit√† organizzata. 
Significativi cambiamenti su giustizia, sicurezza, salute: segnali che mostrano il rispetto degli impegni presi con i cittadini. https://t.co/UtfCvcIRr1",[]
2022-10-31,1587108172451352576,Giorgia Meloni,1762356,Conferenza stampa al termine del Consiglio dei Ministri. Seguiteci in diretta. https://t.co/3RwDeNGS12,[]
2022-10-30,1586712349670625282,Giorgia Meloni,1762356,"Gli italiani chiedono risposte immediate, e noi gliele daremo. Non c‚Äô√® pi√π tempo da perdere. https://t.co/hL9qKyr8a1",[]
2022-10-30,1586687184261840896,Giorgia Meloni,1762356,I nostri pensieri sono con le vittime del tragico dramma accaduto a Seoul e con le loro famiglie. L'Italia √® vicina al popolo coreano in questo momento di grande dolore e di profonda tristezza.,[]
2022-10-29,1586329128877576192,Giorgia Meloni,1762356,Oggi all'Altare della Patria per deporre una corona d'alloro sulla Tomba del Milite Ignoto. Rendiamo omaggio a tutti coloro che hanno sacrificato la propria vita per la Nazione. Un passato da onorare e trasmettere alle nuove generazioni per costruire insieme il futuro dell‚ÄôItalia https://t.co/JAUikyRFfA,[]
2022-10-28,1586013459174465536,Giorgia Meloni,1762356,"Sono profondamente colpita dalla tragica scomparsa del Luogotenente Carica Speciale Doriano Furceri. Alla famiglia, ai suoi cari e all‚ÄôArma dei @_Carabinieri_ giunga cordoglio e vicinanza Governo. Auguri di pronta guarigione al carabiniere del Gruppo Intervento Speciale ferito. https://t.co/4cFrrCsMLl",[]
2022-10-27,1585635299388194820,Giorgia Meloni,1762356,"Oggi inizia nostra sfida per risollevare l‚ÄôItalia e ridare speranza e certezze a milioni di cittadini. Sar√† il Governo di tutti gli italiani: lavoreremo per difendere i diritti di ciascuno e affinch√© il popolo sia unito. Insieme restituiremo orgoglio, forza e visione alla Nazione",[]
2022-10-27,1585601513203834880,Giorgia Meloni,1762356,"Proprio come fece #EnricoMattei, anche noi intendiamo rimettere al centro l‚Äôinteresse nazionale: per un‚ÄôItalia che pensi e realizzi in grande.",['EnricoMattei']
2022-10-27,1585601511329087488,Giorgia Meloni,1762356,"Il suo esempio √® oggi pi√π attuale che mai e lo custodiremo per la rinascita della nostra Nazione, affinch√© questa torni ad essere centro strategico ed economico nel Mediterraneo, seguendo le strade dell‚Äôindipendenza energetica e della reciproca collaborazione tra Stati del mondo.",[]
2022-10-27,1585601508292304903,Giorgia Meloni,1762356,"A sessant‚Äôanni dalla sua morte, vogliamo ricordare Enrico Mattei: politico e manager italiano che, grazie alla sua visione e alla sua lungimiranza, contribu√¨ alla crescita industriale dell‚ÄôItalia nel dopoguerra. https://t.co/d0GmLTOZV0",[]
2022-10-26,1585346114152120320,Giorgia Meloni,1762356,Anche il Senato ha votato #fiducia al Governo. Abbiamo presentato in campagna elettorale un programma chiaro e dettagliato. Manterremo gli impegni: il vincolo tra rappresentante e rappresentato √® l‚Äôessenza della democrazia. Subito al lavoro per rispondere alle urgenze dell‚ÄôItalia https://t.co/qwVjskLZ1w,['fiducia']
2022-10-26,1585296628977745920,Giorgia Meloni,1762356,"Dal Senato della Repubblica, la mia replica al dibattito sulla #fiducia al Governo. Seguitemi in diretta. https://t.co/JI5Ms8Z9CC",['fiducia']
2022-10-25,1584978368415825921,Giorgia Meloni,1762356,Il Governo ottiene la #fiducia alla Camera. Ringrazio tutte le forze politiche per aver ascoltato le linee programmatiche che l‚ÄôEsecutivo intende attuare per risollevare l‚ÄôItalia. Domani sar√≤ in Senato per un altro importante tassello. La rotta √® tracciata: andiamo avanti.,['fiducia']
2022-10-25,1584956613323915264,Giorgia Meloni,1762356,"E se per farlo dovremo scontentare alcuni potentati, o fare scelte che potrebbero non essere comprese nell‚Äôimmediato da alcuni cittadini, non ci tireremo indietro. Perch√© il coraggio, di certo, non ci difetta.",[]
2022-10-25,1584956609847255040,Giorgia Meloni,1762356,"Non utilizzeremo il voto di milioni di italiani per sostituire un sistema di potere con un altro diverso e contrapposto. Nostro obiettivo √® liberare le migliori energie della Nazione e garantire a tutti gli italiani un futuro di maggiore libert√†, giustizia, benessere, sicurezza.",[]
2022-10-25,1584956606843826176,Giorgia Meloni,1762356,"Oggi diamo vita a un Governo rappresentativo della volont√† popolare, assumendoci diritti e doveri di chi vince le elezioni: essere maggioranza parlamentare e compagine di governo. Al meglio delle nostre possibilit√†, anteponendo l‚Äôinteresse dell‚ÄôItalia a quello di parte o partito. https://t.co/yRs6CcGaxj",[]
2022-10-25,1584929639814041600,Giorgia Meloni,1762356,"In diretta dalla Camera dei Deputati, la mia replica al dibattito in Aula sulla fiducia al Governo https://t.co/jdC6xoWTiO",[]
2022-10-25,1584905203320426496,Giorgia Meloni,1762356,"Alla fine di questa avventura a me interesser√† una sola cosa: sapere che abbiamo fatto tutto quello che potevamo per dare agli italiani una Nazione migliore. State certi che non ci arrenderemo, non indietreggeremo e non tradiremo. https://t.co/SSHSbLKLFQ",[]
2022-10-25,1584862886719258631,Giorgia Meloni,1762356,"Congratulations to @RishiSunak, appointed as Prime Minister of the United Kingdom. Eager to cooperate with him and his Cabinet on the common challenges, standing for our shared values of freedom and democracy.",[]
2022-10-25,1584837384067506176,Giorgia Meloni,1762356,Ora in diretta dalla Camera dei Deputati per le dichiarazioni programmatiche del Governo https://t.co/VTed7MgfdA,[]
2022-10-24,1584630500995760129,Giorgia Meloni,1762356,Domani esporr√≤ le linee programmatiche del Governo alla Camera dei Deputati e successivamente consegner√≤ il testo del discorso al Senato. Un passaggio fondamentale nel quale chiederemo la fiducia al Parlamento. https://t.co/13UQbMsy34,[]
2022-10-24,1584594719077646336,Giorgia Meloni,1762356,"@karlnehammer Thanks @karlnehammer. Ready to work together on strategic issues, strengthening our neighborhood relations and our common work at the EU level.",[]
2022-10-24,1584555037132754947,Giorgia Meloni,1762356,"@KSAmofaEN @KingSalman @ItalyMFA_int @ItalyinKSA @KSAembassyIT Thanks to @KingSalman and HRH Crown Prince Mohammed bin Salman. Italy is strongly interested in Middle East stability and further cooperation on energy security, investments and human rights.",[]
2022-10-24,1584492641223249920,Giorgia Meloni,1762356,"@EGPresidency_AR I thank President al-Sisi for wishing the Italian government good work. We care about the stability of the Mediterranean and the Middle East and are determined to strengthen our bilateral cooperation on crucial issues such as energy security, environment, human rights.",[]
2022-10-23,1584251976212426752,Giorgia Meloni,1762356,Sono onorata del messaggio di affetto che il @DalaiLama ha voluto trasmettere a me e al Governo. Colgo questa occasione per rinnovargli il nostro sentimento di amicizia. https://t.co/luMvFivWkW,[]
2022-10-23,1584241894116052992,Giorgia Meloni,1762356,"@KatalinNovakMP Thank you @KatalinNovakMP, we have always shared that family policies need to be strongly implemented. It‚Äôs what we‚Äôll try to do in the coming years. Grateful for your friendship.",[]
2022-10-23,1584231254240608257,Giorgia Meloni,1762356,@krisjaniskarins Thanks @krisjaniskarins. We wish to intensify collaborative relations with your nation in order to face together the important challenges that await Eu and all of us. Uz drƒ´zu redzƒì≈°anos!,[]
2022-10-23,1584212767766347780,Giorgia Meloni,1762356,Abbiamo scritto la storia. Ora scriviamo il futuro dell‚ÄôItalia. https://t.co/dJJQPq9FyC,[]
2022-10-23,1584191816366460928,Giorgia Meloni,1762356,Ringrazio Sua Santit√† #PapaFrancesco per il pensiero che ha voluto rivolgere all'Italia in questa giornata cos√¨ importante per il Governo che ho l'onore di presiedere. @Pontifex_it,['PapaFrancesco']
2022-10-23,1584185595152125952,Giorgia Meloni,1762356,"@govSlovenia Ringrazio il Primo Ministro Robert Golob e il @govSlovenia per le congratulazioni che hanno voluto rivolgermi. Pronti a cooperare per rafforzare i rapporti di buon vicinato e la governance transfrontaliera, per garantire vivibilit√†, coesione e sicurezza.",[]
2022-10-23,1584181097067577345,Giorgia Meloni,1762356,@GharibashviliGe I am grateful for the thought you had for me @GharibashviliGe. We will do everything necessary to strengthen relations between Italy and Georgia and support the path of your nation.,[]
2022-10-23,1584175968683708417,Giorgia Meloni,1762356,"@AndrejPlenkovic President Plenkovic, I am grateful to you for the congratulations you have expressed to me. The intense network of relationships that binds our nations is based on deep ties. We wish to further improve relations between Italy and Croatia and for this we‚Äôll work in every fora.",[]
2022-10-23,1584168850446090241,Giorgia Meloni,1762356,"Si comincia. Con molta emozione ma anche con la consapevolezza delle difficili sfide che ci attendono.
Ora tocca a noi: siamo #pronti üáÆüáπ https://t.co/FaJvFfSeZX",['pronti']
2022-10-22,1583939378614743040,Giorgia Meloni,1762356,"@Bundeskanzler @Palazzo_Chigi Many thanks @Bundeskanzler. We are ready to work together to find common and shared solutions to the important challenges that Europe is facing from an energy, economic and security point of view.",[]
2022-10-22,1583936443969589249,Giorgia Meloni,1762356,"@PrimeministerGR Thanks @PrimeministerGR. Italy and Greece are cradles of civilization, our bilateral cooperation and our contribution to EU and NATO are crucial for the Mediterranean region stability. Ready to work with you!",[]
2022-10-22,1583934441264541696,Giorgia Meloni,1762356,@MinPres Thank you @MinPres. Italy and the Netherlands are EU and NATO founding nations. Consolidating our bilateral relationships is crucial to make our alliances stronger. Ready to do it.,[]
2022-10-22,1583915971550400512,Giorgia Meloni,1762356,"@JustinTrudeau Thanks @JustinTrudeau. We are ready to work together to face the difficult challenges of our time. I am happy that this year marks the 75th anniversary of bilateral relations between Canada and Italy. A heritage not to be lost, but to always keep alive and consolidate.",[]
2022-10-22,1583913824138108928,Giorgia Meloni,1762356,"@jensstoltenberg Thanks @jensstoltenberg. Ready to work with NATO, that is more than a military alliance: a bulwark of common values we‚Äôll never stop standing for.",[]
2022-10-22,1583912575473188864,Giorgia Meloni,1762356,"@yairlapid @Antonio_Tajani Dear @yairlapid, thank you for your thoughts on this important day. I fully share them. We look forward to working with Israel in every bilateral and international forum to affirm our common values.",[]
2022-10-22,1583883681826885632,Giorgia Meloni,1762356,I want to thank the Prime Minister @IngridaSimonyte and the President of the Republic @GitanasNauseda for their congratulations. It is in Italy's interest to promote relations with Lithuania and to be united in facing the European challenges on an economic and security level.,[]
2022-10-22,1583880997019402241,Giorgia Meloni,1762356,@SecBlinken @Antonio_Tajani Many thanks @SecBlinken. You know that USA and all our NATO partners can count on us to support at our best the brave people of Ukraine and to enforce our strategic partnership.,[]
2022-10-22,1583878754933145600,Giorgia Meloni,1762356,@AnastasiadesCY Thanks President @AnastasiadesCY. Our common belonging to the European and Mediterranean family strengthens the feeling of friendship between our peoples and the importance of facing together the challenges of the present and the future.,[]
2022-10-22,1583877341499256832,Giorgia Meloni,1762356,"@MorawieckiM Thanks @MorawieckiM for your warm words. We will immediately get to work to face the difficult challenges that await us. Standing for our common values, defending freedom and ensuring security to our peoples üí™üèª",[]
2022-10-22,1583875848372822017,Giorgia Meloni,1762356,"@Dabaibahamid Many thanks @Dabaibahamid. I look forward to working together, enforcing our bilateral cooperation on the common challenges we are facing.",[]
2022-10-22,1583874511048351746,Giorgia Meloni,1762356,"@PM_ViktorOrban Thanks @PM_ViktorOrban. Ready to cooperate to find common and effective solutions to the economic, energy and security challenges Europe is now facing. Let‚Äôs do our best!",[]
2022-10-22,1583873569691353089,Giorgia Meloni,1762356,"@eduardheger Thanks @eduardheger for the thought you had towards me. We will do our utmost to collaborate and tackle the energy crisis together, protect the security and freedom of our citizens and build a future of peace.",[]
2022-10-22,1583872681224462336,Giorgia Meloni,1762356,@ediramaal Grazie @ediramaal. Quello tra Italia e Albania √® un legame storico e di cooperazione strategica che desideriamo custodire e coltivare. Viva il lupo.,[]
2022-10-22,1583871368902627328,Giorgia Meloni,1762356,"@alexanderdecroo @Palazzo_Chigi Thanks @alexanderdecroo. Italy and Belgium have always been united by deep historical, economic and cultural affinities. We are ready to cooperate in every location to address the problems that affect our citizens and the main European and international challenges.",[]
2022-10-22,1583870370330775552,Giorgia Meloni,1762356,@RobertAbela_MT Thanks @RobertAbela_MT for your words. Our peoples share our beloved Mediterranean Sea and the challenges it brings to us. Moreover they are united by common roots and sincere friendship that we will enforce further.,[]
2022-10-22,1583869229584986113,Giorgia Meloni,1762356,@ZelenskyyUa Many thanks @ZelenskyyUa. Italy is and will always be on the side of the brave people of Ukraine that is fighting for its freedom and for a rightful peace. You are not alone!,[]
2022-10-22,1583867439221469185,Giorgia Meloni,1762356,"@EP_President Grazie @RobertaMetsola @EP_President, non vedo l‚Äôora di continuare il proficuo dialogo iniziato a Bruxelles qualche mese fa. L‚ÄôItalia far√† la sua parte per un‚ÄôEuropa forte ed efficace nel rispondere alle sfide del nostro tempo. A presto!",[]
2022-10-22,1583865514786709504,Giorgia Meloni,1762356,@vonderleyen Many thanks President @vonderleyen. Eager and ready to work with you to strengthen EU resilience towards our common challenges.,[]
2022-10-22,1583862372862636038,Giorgia Meloni,1762356,"@CharlesMichel Thank you, President @CharlesMichel. 27 European nations cooperating together for a better Europe, standing together for freedom and democracy. We‚Äôre ready to do our best!",[]
2022-10-22,1583804688117297152,Giorgia Meloni,1762356,"Un Pontefice, uno statista, un santo. 
Ho avuto l'onore e il privilegio di conoscerlo e sono onorata che sia il Santo di questo giorno cos√¨ particolare per me. https://t.co/n1pRuMFZyh",[]
2022-10-22,1583749505052467202,Giorgia Meloni,1762356,"Ecco la squadra di Governo che, con orgoglio e senso di responsabilit√†, servir√† l‚ÄôItalia. Adesso subito al lavoro. https://t.co/QnaJ20fqyK",[]
2022-10-22,1583734259944079361,Giorgia Meloni,1762356,Giuramento del nuovo Governo. Seguiteci in diretta: https://t.co/2JnqHVFDCv https://t.co/TFy16u7bca,[]
2022-10-21,1583536878212747264,Giorgia Meloni,1762356,"Ho accettato, dal Presidente della Repubblica Sergio Mattarella, l‚Äôincarico per formare il nuovo Governo e ho presentato la lista dei Ministri. 

Un Esecutivo di alto profilo che lavorer√† spedito per rispondere alle urgenze della Nazione e dei cittadini. https://t.co/O3pnPKTMtq",[]
2022-10-21,1583490395870068736,Giorgia Meloni,1762356,Il mio intervento al Quirinale https://t.co/47smbMT5zs,[]
2022-10-21,1583431829063086080,Giorgia Meloni,1762356,La delegazione di centrodestra ha convenuto col Presidente Mattarella sulla necessit√† di dare alla Nazione un nuovo Governo nel minor tempo possibile. La coalizione ha indicato al Capo dello Stato la sottoscritta per la formazione del nuovo Esecutivo. Siamo pronti. #consultazioni https://t.co/j2wUlEHMMp,['consultazioni']
2022-10-21,1583383001760550912,Giorgia Meloni,1762356,In diretta dopo le #consultazioni con il Presidente della Repubblica https://t.co/Ej2W5vVwfK,['consultazioni']
2022-10-20,1583160700351889408,Giorgia Meloni,1762356,"Domani, insieme a tutta la coalizione del centrodestra, saliremo al @Quirinale per le #consultazioni con il Presidente della Repubblica #Mattarella. Siamo pronti a dare all'Italia un Governo che affronti con consapevolezza e competenza le urgenze e le sfide del nostro tempo. https://t.co/GZzxDKzz4l","['consultazioni', 'Mattarella']"
2022-10-20,1582993696093786112,Giorgia Meloni,1762356,"@PaolaDiCaro Cammineremo con te, perch√© tu non sia sola mentre attraversi l'inferno.",[]
2022-10-19,1582641432741187585,Giorgia Meloni,1762356,"Ringrazio il presidente della Polonia, @AndrzejDuda, per le parole di apprezzamento espresse nei miei confronti. Sono convinta anche io che Italia e Polonia possano e debbano rafforzare la loro collaborazione per difendere insieme i nostri comuni valori e la sicurezza europea. https://t.co/LY0aqMhcJs",[]
2022-10-18,1582380339485241344,Giorgia Meloni,1762356,"Buon lavoro a @FrancescoLollo1 e @ciriani_luca, riconfermati capigruppo di @FratellidItalia alla Camera dei Deputati e al Senato della Repubblica. 
Sono sicura che continueranno a svolgere al meglio, con competenza e determinazione, il compito a loro affidato. https://t.co/8DhCPw1pZ4",[]
2022-10-18,1582359528053837825,Giorgia Meloni,1762356,"Fantastici! Con grande determinazione avete portato in alto il Tricolore. 
Siamo orgogliosi di voi, campioni üáÆüáπ https://t.co/bDovh3h9e4",[]
2022-10-18,1582307399473319938,Giorgia Meloni,1762356,"Se ne va un pezzo di storia della musica italiana, un uomo che ha affrontato con grande dignit√† le dolorose sfide della vita. Ciao, Franco. #ricchiepoveri https://t.co/Aeu9FvK198",['ricchiepoveri']
2022-10-17,1582092838183243776,Giorgia Meloni,1762356,@kajakallas Thanks @kajakallas for the productive exchange of views. Let‚Äôs stand together for freedom and for positive EU solutions to tackle the energy crisis. Ready for a fruitful cooperation.,[]
2022-10-16,1581740656690573312,Giorgia Meloni,1762356,"""Se mi sbaglio, mi corrigerete"". 
Il 16 ottobre di 44 anni fa iniziava cos√¨ il pontificato di Giovanni Paolo II. Un santo, umile, determinato e giusto, che con il suo magistero e il suo potentissimo esempio ha cambiato il corso della storia. https://t.co/0WwmiEWlcC",[]
2022-10-16,1581627898020081664,Giorgia Meloni,1762356,"Un orrore che deve essere da monito perch√© certe tragedie non accadano pi√π. Una memoria che sappiamo essere di tutti gli italiani, che serve a costruire gli anticorpi contro l‚Äôindifferenza e l‚Äôodio. Una memoria per continuare a combattere, in ogni sua forma, l‚Äôantisemitismo. https://t.co/1CyFznAtOp",[]
2022-10-15,1581343249658105857,Giorgia Meloni,1762356,"150 anni fa nasceva il Corpo degli #Alpini, le truppe da montagna altamente specializzate dell'Esercito italiano. 150 anni di storia e di eroiche imprese a difesa dell‚ÄôItalia e al servizio delle popolazioni negli scenari pi√π difficili.
Auguri a loro: l‚ÄôItalia vi √® grata üáÆüáπ https://t.co/i68to3IMHl",['Alpini']
2022-10-15,1581322265924632577,Giorgia Meloni,1762356,"Sono gravissime le parole di Letta a Berlino. Affermare all'estero che l'elezione dei presidenti delle Camere sia motivata da una ""logica perversa"" e ""incendiaria"" che conferma ""le peggiori preoccupazioni in giro per l'Europa"" √® uno scandalo e rappresenta un danno per l'Italia. https://t.co/cmIr31J04L",[]
2022-10-15,1581215464763510784,Giorgia Meloni,1762356,"Sono profondamente addolorata per l‚Äôimprovvisa scomparsa di Gianfranco Minuti, imprenditore del messinese, dirigente sportivo e membro dell‚Äôesecutivo regionale di FDI. La nostra comunit√† umana e politica si stringe attorno al dolore della moglie, del figlio e di tutti i loro cari https://t.co/ENbaytLK6j",[]
2022-10-14,1581004125323505665,Giorgia Meloni,1762356,"Agli esponenti di sinistra che stanno rilasciando dichiarazioni irrispettose verso i nuovi presidenti delle Camere, ricordo che le istituzioni vanno rispettate sempre e non solo quando sono loro espressione. Aggredirle in questo modo √® un‚Äôoffesa allo Stato e alla volont√† popolare",[]
2022-10-14,1580883030029148160,Giorgia Meloni,1762356,"Congratulazioni e auguri di buon lavoro al neo presidente della Camera dei deputati, @Fontana3Lorenzo. Fratelli d‚ÄôItalia lo ha votato convintamente e siamo certi che sapr√† ricoprire questo ruolo cos√¨ prestigioso con senso delle Istituzioni, equilibrio e imparzialit√†.",[]
2022-10-14,1580843321173610496,Giorgia Meloni,1762356,"Caro bollette, tasse, lavoro, approvvigionamento energetico: all‚ÄôItalia serve un Governo autorevole che lavori spedito sulle grandi questioni. Non c‚Äô√® tempo da perdere. https://t.co/pavMEB2eyK",[]
2022-10-13,1580633949755146240,Giorgia Meloni,1762356,"#Pronti a dare il massimo per restituire forza e visione alla nostra Nazione.  Avanti Fratelli e Sorelle d‚ÄôItalia, si inizia! üáÆüáπ https://t.co/XMErQg6q3E",['Pronti']
2022-10-13,1580529596939657216,Giorgia Meloni,1762356,"Congratulazioni al neo presidente del Senato @Ignazio_LaRussa. Un uomo che ha sempre saputo mettere il senso delle Istituzioni al servizio di tutti gli incarichi ricoperti. Siamo certi far√† altrettanto bene, con autorevolezza, competenza e imparzialit√† alla Presidenza del #Senato",['Senato']
2022-10-11,1579917520982900737,Giorgia Meloni,1762356,"Se e quando riceveremo l‚Äôincarico, state tranquilli che non perderemo un minuto. https://t.co/H1EiMV9Hr6",[]
2022-10-11,1579815985473028096,Giorgia Meloni,1762356,"Tolleranza zero verso chi pensa che in Italia gli esseri umani possano essere trattati come schiavi, tolleranza zero per chi non rispetta le regole e fa concorrenza sleale.",[]
2022-10-11,1579815981685575680,Giorgia Meloni,1762356,"Avrebbero costretto il personale a lavorare in condizioni igienico sanitarie precarie, giorno e notte, con turni da 10-15 ore, senza un giorno di riposo. Grazie alla @GDF di Pavia per aver chiuso 3 opifici e arrestato i ‚Äúcaporali‚Äù cinesi accusati di sfruttare i loro connazionali. https://t.co/sl6MbrsZGI",[]
2022-10-11,1579746799774240768,Giorgia Meloni,1762356,"Siamo consapevoli del risultato che abbiamo ottenuto e sentiamo la responsabilit√† di dover affrontare un‚Äôimportante sfida nella condizione pi√π difficile nella quale l‚ÄôItalia potesse trovarsi.
#Pronti a riscrivere le sorti della Nazione con un Governo forte, unito e autorevole. https://t.co/byP72hzmMD",['Pronti']
2022-10-10,1579504158138589184,Giorgia Meloni,1762356,"Lavoreremo per procedere spediti partendo dalle urgenze dell‚ÄôItalia, come caro bollette, approvvigionamento energetico e legge di bilancio. Non possiamo e non vogliamo perdere tempo. √à una sfida di cui sentiamo la responsabilit√† e intendiamo affrontarla con seriet√† e capacit√†. https://t.co/HEIBg0Uzj6",[]
2022-10-10,1579431013247504384,Giorgia Meloni,1762356,"Professionisti, docenti, economisti, rappresentanti dei territori, amministratori, uomini e donne che daranno anima e cuore per difendere gli interessi e i diritti del popolo italiano. La squadra di @FratellidItalia in Parlamento √® pronta a dare il massimo per la Nazione üáÆüáπ https://t.co/roZIfoa2Qx",[]
2022-10-09,1579147302572523520,Giorgia Meloni,1762356,"La sera del #9ottobre 1963, circa duemila persone perdevano la vita nel disastro del #Vajont. Una tragedia che doveva e poteva essere evitata, una ferita impressa per sempre nella nostra memoria nazionale. Non dimentichiamo. https://t.co/KioUep5Wcc","['9ottobre', 'Vajont']"
2022-10-09,1579113011381403650,Giorgia Meloni,1762356,"Abbiamo iniziato questo viaggio insieme e resistito fino ad oggi alle menzogne e ai tentativi di dividerci lungo la strada. Andiamo avanti con umilt√† e verit√†. 
Viva l‚ÄôItalia, viva la Spagna, viva l‚ÄôEuropa dei Patrioti.

Il mio messaggio agli amici di @vox_es a #VIVA22 https://t.co/wD33x9wdgZ",['VIVA22']
2022-10-08,1578877791159734273,Giorgia Meloni,1762356,Un‚Äôimpresa straordinaria di Filippo #Ganna che entra nella storia. Orgoglio italiano! üáÆüáπ https://t.co/OZm167b55s,['Ganna']
2022-10-07,1578328633323552768,Giorgia Meloni,1762356,"L‚Äôera dei governi a guida Pd che chiedono tutela all'estero √® finita, credo sia chiaro a tutti, in Italia e in Europa. https://t.co/yvaqgUucQZ",[]
2022-10-07,1578328625690316801,Giorgia Meloni,1762356,"Voglio sperare che la stampa di sinistra abbia travisato le reali dichiarazioni fatte da esponenti di governo stranieri e confido che il Governo francese smentisca queste parole, che somigliano a una inaccettabile minaccia di ingerenza contro uno Stato sovrano, membro dell'UE. https://t.co/uWtdNAY68J",[]
2022-10-06,1578076048922664961,Giorgia Meloni,1762356,Siamo al lavoro per una squadra di Governo di alto profilo che metta al centro della sua azione la difesa dell‚Äôinteresse nazionale e dei cittadini. Vogliamo un‚ÄôItalia che torni a pensare in grande.,[]
2022-10-05,1577750308230512658,Giorgia Meloni,1762356,La lettera del presidente della Commissione europea @vonderleyen ai capi di Stato e di Governo Ue √® un passo in avanti per far fronte alla crisi energetica. Una sfida europea che come tale deve essere affrontata e che deve vedere gli sforzi di tutti per aiutare famiglie e imprese,[]
2022-10-05,1577709713734647810,Giorgia Meloni,1762356,Siamo #pronti a metterci la faccia. A dare il massimo per risolvere i problemi degli italiani in questa fase molto complessa e delicata. https://t.co/yFrkAoBIN9,['pronti']
2022-10-05,1577606752056627207,Giorgia Meloni,1762356,Che la vita possa restituire a questo bimbo tutto l‚Äôamore e il bene che qualcuno ha provato a negargli con questo gesto spregevole. https://t.co/JNlCVeKWiG,[]
2022-10-04,1577277265368387584,Giorgia Meloni,1762356,La #CrisiEnergetica √® una questione europea e come tale deve essere affrontata. @FratellidItalia e i conservatori europei da sempre sostengono che il vero compito dell‚ÄôUE dovrebbe essere gestire le grandi sfide continentali difficilmente affrontabili dai singoli Stati membri. https://t.co/4xZiTLLYFb,['CrisiEnergetica']
2022-10-04,1577277257713786881,Giorgia Meloni,1762356,"Sosterremo ogni iniziativa di concreto aiuto a famiglie e imprese e appoggeremo ogni azione volta a contrastare i fenomeni speculativi e gli ingiustificati aumenti del costo dell‚Äôenergia.
üëâ https://t.co/aVOOmcsoqu",[]
2022-10-03,1576967427581091841,Giorgia Meloni,1762356,Seguiamo con apprensione le notizie che riguardano Alessia Piperno e rivolgiamo tutta la nostra vicinanza alla sua famiglia e ai suoi cari https://t.co/fIBy3mfeCQ,[]
2022-10-02,1576630768872280065,Giorgia Meloni,1762356,"Passione, impegno, volont√† e determinazione. Complimenti, l‚ÄôItalia √® fiera di voiüáÆüáπüí™üèª https://t.co/bbkAipVpOJ",[]
2022-10-02,1576595535909167105,Giorgia Meloni,1762356,"La priorit√† √® fermare la speculazione sul gas. Continuare all‚Äôinfinito a compensare il costo delle bollette regalando soldi a chi si sta arricchendo sulle spalle di cittadini e imprese, sarebbe un errore. https://t.co/GCg4ES8Gys",[]
2022-10-02,1576512340404895745,Giorgia Meloni,1762356,"Auguri a tutti i nonni. E un pensiero a chi purtroppo non √® pi√π tra noi. 
Grazie di tutto.

‚û°Ô∏è https://t.co/QfwMQgAqfH https://t.co/mMX1ddsndE",[]
2022-10-01,1576287570106847232,Giorgia Meloni,1762356,"@EGPresidency_AR Italy is ready to enforce our bilateral cooperation on many fields: energy security, stability of Mediterranean and Middle East, human rights and religious freedom. Thank you Mr President al-Sisi",[]
2022-10-01,1576168878870495233,Giorgia Meloni,1762356,"Ora a Milano dal ‚ÄúVillaggio @Coldiretti‚Äù. Seguitemi in diretta.

üî¥ https://t.co/E5RTHetXjf https://t.co/frKSSZOxmd",[]
2022-09-30,1575969884051120131,Giorgia Meloni,1762356,"My deepest condolences for the victims of the #hurricaneIan and my warmest support to @GovRonDeSantis and the people of #Florida for the immense work of reconstruction they will face from now on.
God bless you üôèüèª","['hurricaneIan', 'Florida']"
2022-09-30,1575863372184440832,Giorgia Meloni,1762356,"La propaganda di demonizzazione contro di noi ha inasprito animi e diviso gli italiani. Noi lavoreremo per unirli: non √® tempo di polemiche strumentali, ma di responsabilit√†.
Nostro obiettivo al Governo sar√† rappresentare e difendere gli interessi e i diritti di tutti i cittadini https://t.co/85q7rOvkmW",[]
2022-09-29,1575479772599099392,Giorgia Meloni,1762356,"Questo non √® un punto di arrivo, ma un punto di partenza: ora √® tempo di dimostrare il nostro valore. Siamo #pronti a ridare futuro, visione e grandezza all‚ÄôItalia. https://t.co/HH286F3BRt",['pronti']
2022-09-29,1575478553847529473,Giorgia Meloni,1762356,@BahrainCPnews Thank you! Strong bilateral relationships are fundamental to enforce global security and stability in your region,[]
2022-09-29,1575477264552103936,Giorgia Meloni,1762356,Thanks to @MohamedBinZayed @HHShkMohd for the congratulatory messages they have addressed to me. Let us work together for fruitful bilateral cooperation and the stability of the Middle-East.,[]
2022-09-29,1575462373279809536,Giorgia Meloni,1762356,"In bocca al lupo a Maria Sole Ferrieri Caputi, prima donna arbitro designata a dirigere una gara di Serie A. Un traguardo guadagnato sul campo, per merito e senza scorciatoie.
Siamo con te üí™üèª https://t.co/fZHVtk7HeZ",[]
2022-09-29,1575440166386368513,Giorgia Meloni,1762356,Tantissimi auguri a Silvio @Berlusconi per il suo compleanno. Un grande abbraccio.,[]
2022-09-29,1575394648578826240,Giorgia Meloni,1762356,"Continuo a leggere irreali ricostruzioni in merito a eventuali ministri di un Governo di Centrodestra. Dopo fallimentari gestioni come quella di Speranza &amp; Co. vi assicuro che stiamo lavorando a una squadra di livello che non vi deluder√†. 
Non credete alle bugie che circolano.",[]
2022-09-29,1575389682359275521,Giorgia Meloni,1762356,@joseantoniokast Gracias @joseantoniokast! Juntos seguiremos luchando por la libertad y la patria! buena suerte! üáÆüáπüá®üá±,[]
2022-09-29,1575389647458521088,Giorgia Meloni,1762356,"@Santi_ABASCAL @FratellidItalia Muchas gracias @Santi_ABASCAL por tu amistad! Ya sabes cuanto trabajo se ha hecho para conseguir este resultado. Ahora ya estamos trabajando para abordar los problemas de los italianos, con la concreci√≥n t√≠pica de los conservadores. Tambi√©n esperamos a Espa√±a en el lado derecho!",[]
2022-09-29,1575389616018014211,Giorgia Meloni,1762356,@GilaGamliel Thank you @GilaGamliel for your words and your friendship. Ready to strengthen our bilateral relationships and our common work in the Conservative family. Good luck for your upcoming elections! üáÆüáπüáÆüá±,[]
2022-09-28,1575245200443773070,Giorgia Meloni,1762356,@CMShehbaz Many thanks @CMShehbaz. It‚Äôs a hard time for global security and fruitful bilateral cooperation is really needed,[]
2022-09-28,1575216835238436864,Giorgia Meloni,1762356,"Samantha #Cristoforetti √® ufficialmente la nuova comandante della Stazione Spaziale Internazionale: la prima donna italiana ed europea a ricoprire questo importante e delicato incarico. A lei vanno i nostri migliori auguri. Che sia fonte di ispirazione per tutti noi.
Forza üí™üèª https://t.co/yilDMO9njZ",['Cristoforetti']
2022-09-28,1575107579671638018,Giorgia Meloni,1762356,Tutta la mia vicinanza alle coraggiose donne che si battono in Iran e nel mondo per difendere i loro diritti e la loro libert√†.,[]
2022-09-28,1575107576819175425,Giorgia Meloni,1762356,"Dopo la morte di Mahsa Amini, prosegue l‚Äôeroica rivolta delle donne iraniane contro il regime degli ayatollah: si contano decine di morti e centinaia di arrestati tra attiviste, avvocati e giornalisti. Un‚Äôaltra giovane, Hadis Najafi, simbolo delle proteste, √® stata uccisa. https://t.co/KRtvkGmiE8",[]
2022-09-28,1575050342340825088,Giorgia Meloni,1762356,"Trovo abbastanza surreale che certa stampa inventi di sana pianta miei virgolettati, pubblicando ricostruzioni del tutto arbitrarie. 

Si mettano l‚Äôanima in pace: il centrodestra unito ha vinto le elezioni ed √® pronto a governare. Basta mistificazioni. https://t.co/KzkjfTQBh2",[]
2022-09-28,1575044280376524800,Giorgia Meloni,1762356,@narendramodi @FratellidItalia Many thanks @narendramodi! Ready to cooperate with you and your government on international stability and all the other global challenges,[]
2022-09-27,1574862655067660295,Giorgia Meloni,1762356,"@ZelenskyyUa Dear @ZelenskyyUa, you know that you can count on our loyal support for the cause of freedom of Ukrainian people. Stay strong and keep your faith steadfast! üáÆüáπüá∫üá¶",[]
2022-09-27,1574860904138678274,Giorgia Meloni,1762356,"@MorawieckiM Thank you @MorawieckiM, let‚Äôs defend together our common values and European security! üáÆüáπüáµüá±",[]
2022-09-27,1574860382035972121,Giorgia Meloni,1762356,"@P_Fiala @ecrgroup Thank you @P_Fiala, it will be a honor to enforce our common work for a better Europe! üáÆüáπüá®üáø",[]
2022-09-27,1574859841193054208,Giorgia Meloni,1762356,"@trussliz Many thanks @trussliz, ready to cooperate with you and your government for freeedom, democracy, security and prosperity of our nations üáÆüáπüá¨üáß",[]
2022-09-27,1574779391527231492,Giorgia Meloni,1762356,L'Italia ha scelto noi e noi non la tradiremo https://t.co/bR4wjovDDd,[]
2022-09-26,1574366506355408904,Giorgia Meloni,1762356,Gli italiani ci hanno affidato una responsabilit√† importante. Ora sar√† nostro compito non deluderli e fare il massimo per restituire dignit√† e orgoglio alla Nazione. https://t.co/JCMaZO8y2z,[]
2022-09-26,1574204119367155713,Giorgia Meloni,1762356,#ElezioniPolitiche2022 #Meloni https://t.co/ZVtLmYqPkI,"['ElezioniPolitiche2022', 'Meloni']"
2022-09-26,1574200445769334784,Giorgia Meloni,1762356,"Non tradiremo la vostra fiducia. Siamo #pronti a risollevare l‚ÄôItalia

GRAZIE! üáÆüáπ https://t.co/DabIIuhORK",['pronti']
2022-09-26,1574196972441194498,Giorgia Meloni,1762356,"#ElezioniPolitiche2022
Seguitemi in diretta: https://t.co/wUexOoWSlm #Meloni https://t.co/jEuSsuc8W3","['ElezioniPolitiche2022', 'Meloni']"
